title,release,week
Fantasy Strike,2020-03-31,160
DAEMON X MACHINA,2019-12-31,147
MARVEL ULTIMATE ALLIANCE 3: The Black Order,2019-12-31,147
Yoshi's Crafted World,2019-12-31,147
Catan Universe,2019-12-31,147
Huntdown,2019-12-31,147
Kentucky Route Zero: TV Edition,2019-12-31,147
Killer Queen Black,2019-12-31,147
Levelhead,2019-12-31,147
Munchkin,2019-12-31,147
Team Sonic Racing,2019-12-31,147
Wargroove,2019-12-31,147
King of the Hat,2019-04-30,112
Mineko's Night Market,2019-04-30,112
Samurai Gunn 2,2019-04-30,112
Shovel Knight: King of Cards,2019-04-30,112
The Lord of the Rings: Living Card Game,2019-04-30,112
The World Next Door,2019-04-30,112
Untitled Goose Game,2019-04-30,112
Mortal Kombat 11,2019-04-23,111
Bullet Age,2019-03-31,108
Pandemic,2019-03-31,108
ToeJam & Earl: Back in the Groove!,2019-03-01,104
DreamWorks Dragons Dawn of New Riders,2019-02-15,102
AWAY: Journey to the Unexpected,2019-02-07,101
Dragon Marked For Death,2019-01-30,99
Mages of Mystralia,2019-01-29,99
Doodle God: Evolution,2019-01-24,99
SMITE,2019-01-24,99
Travis Strikes Again: No More Heroes,2019-01-18,98
YIIK: A Postmodern RPG,2019-01-17,98
Onimusha: Warlords,2019-01-15,97
Forever Forest,2019-01-14,97
New Super Mario Bros. U Deluxe,2019-01-11,97
Hive Jump,2019-01-11,97
Stellar Interface,2019-01-11,97
Tales of Vesperia: Definitive Edition,2019-01-11,97
A Ch'ti Bundle,2019-01-10,97
"Bury me, my Love",2019-01-10,97
Double Cross,2019-01-10,97
Inside My Radio,2019-01-10,97
Mecho Wars: Desert Ashes,2019-01-10,97
Overdriven Reloaded: Special Edition,2019-01-10,97
Snowboarding The Next Phase,2019-01-10,97
Fitness Boxing,2019-01-04,96
99Seconds,2019-01-04,96
Mad Age & This Guy,2019-01-04,96
Catastronauts,2019-01-03,96
Dreamwalker,2019-01-03,96
JCB Pioneer: Mars,2019-01-03,96
Job the Leprechaun,2019-01-03,96
Pic-a-Pix Pieces,2019-01-03,96
The Aquatic Adventure of the Last Human,2019-01-03,96
Xenon Valkyrie+,2019-01-01,95
Super Meat Boy Forever,2018-12-31,95
Treasure Stack,2018-12-31,95
DYNASTY WARRIORS 8: Xtreme Legends Definitive Edition,2018-12-27,95
Abyss,2018-12-25,94
Odium to the Core,2018-12-25,94
Uncanny Valley,2018-12-25,94
Aaero: Complete Edition,2018-12-24,94
Blacksea Odyssey,2018-12-24,94
Digerati Indie Bundle: INK & HackyZack,2018-12-24,94
Omega Strike,2018-12-24,94
Pipe Push Paradise,2018-12-24,94
Super Hero Fight Club: Reloaded,2018-12-24,94
Super Treasure Arena,2018-12-24,94
Koloro,2018-12-22,94
Mana Spark,2018-12-22,94
Wondershot,2018-12-22,94
Clouds & Sheep 2,2018-12-21,94
Dynamite Fishing - World Games,2018-12-21,94
Sundered: Eldritch Edition,2018-12-21,94
Awe,2018-12-20,94
Battle Princess Madelyn,2018-12-20,94
Cake Laboratory,2018-12-20,94
Chronus Arc,2018-12-20,94
Funghi Explosion,2018-12-20,94
Guess the Character,2018-12-20,94
Horizon Shift '81,2018-12-20,94
Kingmaker: Rise to the Throne,2018-12-20,94
Leopoldo Manquiseil,2018-12-20,94
Nightshade,2018-12-20,94
Revertia,2018-12-20,94
The Keep,2018-12-20,94
Viviette,2018-12-20,94
Donut County,2018-12-18,93
Sheltered,2018-12-18,93
City Builder,2018-12-17,93
Clue: The Classic Mystery Game,2018-12-17,93
Firewatch,2018-12-17,93
Hyperide: Vector Raid,2018-12-17,93
InkyPen,2018-12-17,93
Nippon Marathon,2018-12-17,93
Lazy Galaxy: Rebel Story,2018-12-14,93
"Peace, Death! Complete Edition",2018-12-14,93
Race Arcade,2018-12-14,93
ACA NEOGEO METAL SLUG 5,2018-12-13,93
Almightree: The Last Dreamer,2018-12-13,93
Arcade Archives ATHENA,2018-12-13,93
Atari Flashback Classics,2018-12-13,93
Big Bash Boom,2018-12-13,93
Blue Rider,2018-12-13,93
GRIS,2018-12-13,93
Hunter's Legacy: Purrfect Edition,2018-12-13,93
Knights of Pen & Paper 2 Deluxiest Edition,2018-12-13,93
Knights of Pen and Paper Bundle,2018-12-13,93
Mahjong Solitaire Refresh,2018-12-13,93
MIND: Path to Thalamus,2018-12-13,93
Omensight: Definitive Edition,2018-12-13,93
Oxyjet,2018-12-13,93
Party Arcade,2018-12-13,93
Rain World,2018-12-13,93
RollerCoaster Tycoon Adventures,2018-12-13,93
SEGA AGES Phantasy Star,2018-12-13,93
Starman,2018-12-13,93
TRYBIT LOGIC,2018-12-13,93
Venture Towns,2018-12-13,93
Desert Child,2018-12-11,92
Ethan: Meteor Hunter,2018-12-11,92
Everspace - Stellar Edition,2018-12-11,92
Kingdom Two Crowns,2018-12-11,92
Solar Flux,2018-12-11,92
Guacamelee! 2,2018-12-10,92
Quarantine Circular,2018-12-08,92
Super Smash Bros. Ultimate,2018-12-07,92
Super Smash Bros. Ultimate Special Edition,2018-12-07,92
'n Verlore Verstand,2018-12-07,92
Hello Neighbor Hide and Seek,2018-12-07,92
Katamari Damacy REROLL,2018-12-07,92
Santa Tracker,2018-12-07,92
SEGA Genesis Classics,2018-12-07,92
ACA NEOGEO TWINKLE STAR SPRITES,2018-12-06,92
Arcade Archives DOUBLE DRAGON II The Revenge,2018-12-06,92
Basketball,2018-12-06,92
Beholder: Complete Edition,2018-12-06,92
Carcassonne,2018-12-06,92
Color Zen,2018-12-06,92
Conduct TOGETHER!,2018-12-06,92
Football Manager 2019 Touch,2018-12-06,92
Gnomes Garden,2018-12-06,92
INSTANT TENNIS,2018-12-06,92
Ivanych vs Eared Beast,2018-12-06,92
Julie's Sweets,2018-12-06,92
LongStory: A dating game for the real world,2018-12-06,92
Rival Megagun,2018-12-06,92
Ultimate Runner,2018-12-06,92
Energy Cycle Edge,2018-12-05,91
Atelier Arland series Deluxe Pack,2018-12-04,91
Atelier Meruru ~The Apprentice of Arland~ DX,2018-12-04,91
Atelier Rorona ~The Alchemist of Arland~ DX,2018-12-04,91
Atelier Totori ~The Adventurer of Arland~ DX,2018-12-04,91
Gear.Club Unlimited 2,2018-12-04,91
Monica e a Guarda dos Coelhos,2018-12-04,91
Monster Boy and the Cursed Kingdom,2018-12-04,91
Toki,2018-12-04,91
Demetrios - The BIG Cynical Adventure,2018-12-03,91
ROCK BOSHERS DX: Director's Cut,2018-12-01,91
ARK: Survival Evolved,2018-11-30,91
Coffee Crisis,2018-11-30,91
Escape Doodland,2018-11-30,91
Harvest Life,2018-11-30,91
I Am The Hero,2018-11-30,91
OkunoKA,2018-11-30,91
Secret Files: Tunguska,2018-11-30,91
Superbrothers: Sword & Sworcery EP,2018-11-30,91
The First Tree,2018-11-30,91
3D Billiards - Pool & Snooker,2018-11-29,91
ABZU,2018-11-29,91
ACA NEOGEO NEO GEO CUP '98: THE ROAD TO THE VICTORY,2018-11-29,91
Akihabara - Feel the Rhythm Remixed,2018-11-29,91
Animal Hunter Z,2018-11-29,91
Arcade Archives ROUTE 16,2018-11-29,91
Asterix & Obelix XXL 2,2018-11-29,91
Cattails,2018-11-29,91
Crimson Keep,2018-11-29,91
Dexteritrip,2018-11-29,91
Gelly Break,2018-11-29,91
GensokyoDefenders,2018-11-29,91
Marenian Tavern Story: Patty and the Hungry God,2018-11-29,91
NAIRI: Tower of Shirin,2018-11-29,91
Screencheat: Unplugged,2018-11-29,91
Stardust Galaxy Warriors: Stellar Climax,2018-11-29,91
Horizon Chase Turbo,2018-11-28,90
R-Type Dimensions EX,2018-11-28,90
99Vidas - Definitive Edition,2018-11-27,90
Spintires: MudRunner - American Wilds,2018-11-27,90
This War of Mine: Complete Edition,2018-11-27,90
Mordheim: Warband Skirmish,2018-11-26,90
STUMP,2018-11-23,90
ACA NEOGEO KING OF THE MONSTERS 2,2018-11-22,90
Adventures of Bertram Fiddle Episode 2: A Bleaker Predicklement,2018-11-22,90
ATV Drift & Tricks,2018-11-22,90
Battery Jam,2018-11-22,90
Bibi & Tina - Adventures with Horses,2018-11-22,90
Bibi Blocksberg - Big Broom Race 3,2018-11-22,90
GEM CRASH,2018-11-22,90
Ms. Splosion Man,2018-11-22,90
Nidhogg 2,2018-11-22,90
Panda Hero,2018-11-22,90
Party Hard,2018-11-22,90
"Please, Don't Touch Anything",2018-11-22,90
Steamburg,2018-11-22,90
WAKU WAKU SWEETS,2018-11-22,90
Word Sudoku by POWGI,2018-11-22,90
Zeus Quests Remastered,2018-11-22,90
Desktop Soccer,2018-11-21,89
Bendy and the Ink Machine,2018-11-20,89
kuso,2018-11-20,89
Moto Racer 4,2018-11-20,89
Storm Boy,2018-11-20,89
Warframe,2018-11-20,89
Youtubers Life OMG Edition,2018-11-20,89
"Pokemon: Let's Go, Eevee!",2018-11-16,89
"Pokemon: Let's Go, Pikachu!",2018-11-16,89
Super Mario Party Bundle,2018-11-16,89
Circle of Sumo,2018-11-16,89
Coloring Book,2018-11-16,89
Mars: Chaos Menace,2018-11-16,89
"Pokemon: Let's Go, Eevee! + Poke Ball Plus Pack",2018-11-16,89
"Pokemon: Let's Go, Pikachu! + Poke Ball Plus Pack",2018-11-16,89
Sid Meier's Civilization VI,2018-11-16,89
Toast Time: Smash Up!,2018-11-16,89
ACA NEOGEO STAKES WINNER 2,2018-11-15,89
Arcade Archives Atomic Robo-Kid,2018-11-15,89
Destruction,2018-11-15,89
Johnny Turbo's Arcade: Heavy Barrel,2018-11-15,89
M.A.C.E. Space Shooter,2018-11-15,89
Mimpi Dreams,2018-11-15,89
Mother Russia Bleeds,2018-11-15,89
ROCKETSROCKETSROCKETS,2018-11-15,89
Soap Dodgem,2018-11-15,89
SOLITAIRE BATTLE ROYAL,2018-11-15,89
Super Hydorah,2018-11-15,89
Swamp Defense 2,2018-11-15,89
Teddy the Wanderer: Kayaking,2018-11-15,89
Tinboy,2018-11-15,89
Trailblazers,2018-11-15,89
Chalk Dash Carnival,2018-11-14,88
Palm Reading Premium,2018-11-14,88
Mahjong,2018-11-13,88
My Riding Stables - Life with Horses,2018-11-13,88
Project Highrise: Architect's Edition,2018-11-13,88
SNK 40th ANNIVERSARY COLLECTION,2018-11-13,88
Arcade Archives URBAN CHAMPION,2018-11-09,88
Collidalot,2018-11-09,88
Croc's World,2018-11-09,88
Forgotton Anne,2018-11-09,88
Noir Chronicles: City of Crime,2018-11-09,88
Saboteur!,2018-11-09,88
Townsmen,2018-11-09,88
Trine Enchanted Edition,2018-11-09,88
ACA NEOGEO THRASH RALLY,2018-11-08,88
Astebreed,2018-11-08,88
Battlezone Gold Edition,2018-11-08,88
Crashlands,2018-11-08,88
Johnny Turbo's Arcade: Break Thru,2018-11-08,88
Johnny Turbo's Arcade: Night Slashers,2018-11-08,88
MechaNika,2018-11-08,88
Mercenaries Wings: The False Phoenix,2018-11-08,88
Picture Painting Puzzle 1000!,2018-11-08,88
Rage in Peace,2018-11-08,88
Sky Force Anniversary,2018-11-08,88
Syberia 1 & 2,2018-11-08,88
The Bug Butcher,2018-11-08,88
The Walking Vegetables: Radical Edition,2018-11-08,88
Timber Tennis: Versus,2018-11-08,88
Valiant Hearts: The Great War,2018-11-08,88
Varion,2018-11-08,88
YouTube,2018-11-08,88
CricktoGame: Nintendo Switch Edition,2018-11-07,87
Deru - The Art of Cooperation,2018-11-07,87
Operation Pig,2018-11-07,87
Roarr! Jurassic Edition,2018-11-07,87
Brawlhalla,2018-11-06,87
Carnival Games,2018-11-06,87
Full Metal Furies,2018-11-06,87
GRIP,2018-11-06,87
Minecraft: Story Mode - Season Two,2018-11-06,87
Road Redemption,2018-11-06,87
Rogue Legacy,2018-11-06,87
Shadow of Loot Box,2018-11-06,87
Solitaire,2018-11-06,87
The Shapeshifting Detective,2018-11-06,87
WORLD OF FINAL FANTASY MAXIMA,2018-11-06,87
Moonlighter,2018-11-05,87
SkyTime,2018-11-05,87
Diablo III: Eternal Collection,2018-11-02,87
Elemental Knights R,2018-11-02,87
Swap This!,2018-11-02,87
Taiko no Tatsujin: Drum 'n' Fun!,2018-11-02,87
ACA NEOGEO PLEASURE GOAL : 5 ON 5 MINI SOCCER,2018-11-01,87
Grim Fandango Remastered,2018-11-01,87
Kitty Love -Way to look for love-,2018-11-01,87
Machinarium,2018-11-01,87
Transistor,2018-11-01,87
Death Mark,2018-10-31,86
Hidden Folks,2018-10-31,86
Knock-Knock,2018-10-31,86
Numbala,2018-10-31,86
America's Greatest Game Shows: Wheel of Fortune & Jeopardy!,2018-10-30,86
Demon's Crystals,2018-10-30,86
Gal Metal,2018-10-30,86
Gal Metal World Tour Edition,2018-10-30,86
Hasbro Game Night,2018-10-30,86
Jeopardy!,2018-10-30,86
LEGO Harry Potter Collection,2018-10-30,86
Mutant Football League: Dynasty Edition,2018-10-30,86
OK K.O.! Let's Play Heroes,2018-10-30,86
RISK Global Domination,2018-10-30,86
Save me Mr Tako: Tasukete Tako-San,2018-10-30,86
Sports Party,2018-10-30,86
Steven Universe: Save the Light,2018-10-30,86
TRIVIAL PURSUIT Live!,2018-10-30,86
Wheel of Fortune,2018-10-30,86
Yomawari: The Long Night Collection,2018-10-30,86
Professional Farmer: Nintendo Switch Edition,2018-10-29,86
SkyScrappers,2018-10-29,86
Tennis World Tour,2018-10-29,86
911 Operator,2018-10-26,86
Freaky Awesome,2018-10-26,86
Halloween Pinball,2018-10-26,86
MY HERO ONE'S JUSTICE,2018-10-26,86
1001 Ultimate Mahjong 2,2018-10-25,86
7 Billion Humans,2018-10-25,86
ACA NEOGEO SAVAGE REIGN,2018-10-25,86
Aqua TV,2018-10-25,86
Arcade Archives ALPHA MISSION,2018-10-25,86
Black and White Bushido,2018-10-25,86
Car Quest,2018-10-25,86
Chicken Range,2018-10-25,86
DEADBOLT,2018-10-25,86
Dracula's Legacy,2018-10-25,86
Eternum Ex,2018-10-25,86
Fairy Tale Puzzles~Magic Objects~,2018-10-25,86
Fly O'Clock,2018-10-25,86
Friday the 13th: Killer Puzzle,2018-10-25,86
Johnny Turbo's Arcade: Heavy Burger,2018-10-25,86
Luke & Rebecca,2018-10-25,86
PIANISTA,2018-10-25,86
Pinstripe,2018-10-25,86
Puzzle Wall,2018-10-25,86
Startide,2018-10-25,86
Storm In A Teacup,2018-10-25,86
Suicide Guy: Sleepin' Deeply,2018-10-25,86
Super Hyperactive Ninja,2018-10-25,86
Word Puzzles by POWGI,2018-10-25,86
Deployment,2018-10-24,85
Bass Pro Shops: The Strike - Championship Edition,2018-10-23,85
Cabela's: The Hunt - Championship Edition,2018-10-23,85
Just Dance 2019,2018-10-23,85
Nickelodeon Kart Racers,2018-10-23,85
PAW Patrol: On a Roll!,2018-10-23,85
Windjammers,2018-10-23,85
DARK SOULS: REMASTERED,2018-10-19,85
I Hate Running Backwards,2018-10-19,85
Pizza Titan Ultra,2018-10-19,85
The Legend of Evil,2018-10-19,85
Tied Together,2018-10-19,85
ACA NEOGEO STRIKERS 1945 PLUS,2018-10-18,85
Arcade Archives Ninja-Kid II,2018-10-18,85
BLACK BIRD,2018-10-18,85
Drift Legends,2018-10-18,85
Momonga Pinball Adventures,2018-10-18,85
Passpartout: The Starving Artist,2018-10-18,85
Personality and Psychology Premium,2018-10-18,85
Season Match,2018-10-18,85
SINNER: Sacrifice for Redemption,2018-10-18,85
Spencer,2018-10-18,85
SpiderSolitaire BLACK,2018-10-18,85
Syberia 3,2018-10-18,85
The Room,2018-10-18,85
WILL: A Wonderful World,2018-10-18,85
Zarvot,2018-10-18,85
The Jackbox Party Pack 5,2018-10-17,84
Big Buck Hunter Arcade,2018-10-16,84
Crayola Scoot,2018-10-16,84
EXORDER,2018-10-16,84
LEGO DC Super-Villains,2018-10-16,84
Rapala Fishing Pro Series,2018-10-16,84
Starlink: Battle For Atlas,2018-10-16,84
Starlink: Battle For Atlas Digital Edition,2018-10-16,84
Valkyria Chronicles,2018-10-16,84
WARRIORS OROCHI 4,2018-10-16,84
NBA 2K Playgrounds 2,2018-10-15,84
The World Ends with You: Final Remix,2018-10-12,84
ACA NEOGEO 3 COUNT BOUT,2018-10-11,84
Battle Group 2,2018-10-11,84
Boom Ball: Boost Edition,2018-10-11,84
Chasm,2018-10-11,84
Child of Light Ultimate Edition,2018-10-11,84
Dungeon Village,2018-10-11,84
Feral Fury,2018-10-11,84
Game Dev Story,2018-10-11,84
Hot Springs Story,2018-10-11,84
Iris School of Wizardry -Vinculum Hearts-,2018-10-11,84
Joggernauts,2018-10-11,84
Madorica Real Estate,2018-10-11,84
The MISSING: J.J. Macfield and the Island of Memories,2018-10-11,84
The Swindle,2018-10-11,84
Tricky Towers,2018-10-11,84
Shift Happens,2018-10-10,83
Disgaea 1 Complete,2018-10-09,83
Goosebumps The Game,2018-10-09,83
Mark of the Ninja: Remastered,2018-10-09,83
Bombing Busters,2018-10-08,83
Guacamelee! Super Turbo Championship Edition,2018-10-08,83
Super Mario Party,2018-10-05,83
ACA NEOGEO ZUPAPA!,2018-10-04,83
Animated Jigsaws: Japanese Women,2018-10-04,83
Art of Balance,2018-10-04,83
Frutakia 2,2018-10-04,83
Hot Gimmick Cosplay-jong for Nintendo Switch,2018-10-04,83
Jettomero: Hero of the Universe,2018-10-04,83
KEMONO FRIENDS PICROSS,2018-10-04,83
oOo: Ascension,2018-10-04,83
Party Crashers,2018-10-04,83
Revenant Dogma,2018-10-04,83
Six Sides of the World,2018-10-04,83
Soulblight,2018-10-04,83
Splash Blast Panic,2018-10-04,83
The Midnight Sanctuary,2018-10-04,83
Trouserheart,2018-10-04,83
Vertical Drop Heroes HD,2018-10-04,83
True Fear: Forsaken Souls - Part 1,2018-10-03,82
Batman: The Enemy Within,2018-10-02,82
Mega Man 11,2018-10-02,82
Mega Man 11 - amiibo Edition,2018-10-02,82
Valthirian Arc: Hero School Story,2018-10-02,82
Monster Loves You,2018-09-30,82
Marble It Up!,2018-09-29,82
FIFA 19,2018-09-28,82
Splatoon 2: Starter Pack,2018-09-28,82
Super Mario Odyssey: Starter Pack,2018-09-28,82
The Legend of Zelda: Breath of the Wild: Starter Pack,2018-09-28,82
DRAGON BALL FighterZ,2018-09-28,82
Giana Sisters: Twisted Dreams - Owltimate Edition,2018-09-28,82
Jack N' Jill DX,2018-09-28,82
NAMCO MUSEUM ARCADE PAC,2018-09-28,82
ACA NEOGEO THE KING OF FIGHTERS 2001,2018-09-27,82
Alwa's Awakening,2018-09-27,82
Armello,2018-09-27,82
Dokuro,2018-09-27,82
Hardway Party,2018-09-27,82
Moorhuhn Wanted,2018-09-27,82
Pilot Sports,2018-09-27,82
Rise and Shine,2018-09-27,82
Tangrams Deluxe,2018-09-27,82
TowerFall,2018-09-27,82
Wandersong,2018-09-27,82
Whispering Willows,2018-09-27,82
Rooms: The Adventure of Anne & George,2018-09-26,81
Snake vs Snake,2018-09-26,81
A Gummy's Life,2018-09-25,81
Arena of Valor,2018-09-25,81
Oh My Godheads: Party Edition,2018-09-25,81
South Park: The Stick of Truth,2018-09-25,81
The Escapists: Complete Edition,2018-09-25,81
Think of the Children,2018-09-25,81
This is the Police 2,2018-09-25,81
Ultimate Chicken Horse,2018-09-25,81
Valkyria Chronicles 4,2018-09-25,81
Gaokao.Love.100Days,2018-09-24,81
Xenoblade Chronicles 2: Torna ~ The Golden Country,2018-09-21,81
Arcade Archives EXCITEBIKE,2018-09-21,81
Banner Saga Trilogy,2018-09-21,81
Broken Sword 5 - the Serpent's Curse,2018-09-21,81
Debris Infinity,2018-09-21,81
My Brother Rabbit,2018-09-21,81
A Case of Distrust,2018-09-20,81
ACA NEOGEO CYBER-LIP,2018-09-20,81
DRAGON BALL Z Super Butoden,2018-09-20,81
Find The Balance,2018-09-20,81
Hover,2018-09-20,81
Light Fingers,2018-09-20,81
MagiCat,2018-09-20,81
Mitsurugi Kamui Hikae,2018-09-20,81
Reigns: Kings & Queens,2018-09-20,81
Retimed,2018-09-20,81
Risk of Rain,2018-09-20,81
SEGA AGES Lightening Force: Quest for the Darkstar,2018-09-20,81
SEGA AGES Sonic The Hedgehog,2018-09-20,81
"THE Card: Poker, Texas hold 'em, Blackjack and Page One",2018-09-20,81
The Gardens Between,2018-09-20,81
Velocity2X,2018-09-20,81
Siegecraft Commander,2018-09-19,80
Capcom Beat 'Em Up Bundle,2018-09-18,80
Labyrinth of Refrain: Coven of Dusk,2018-09-18,80
Legendary Fishing,2018-09-18,80
Nintendo Entertainment System - Nintendo Switch Online,2018-09-18,80
Omvorm,2018-09-18,80
Scribblenauts Mega Pack,2018-09-18,80
Speed Brawl,2018-09-18,80
Sword of the Guardian,2018-09-18,80
Undertale,2018-09-18,80
ACA NEOGEO AGGRESSORS OF DARK KOMBAT,2018-09-13,80
Arcade Archives RYGAR,2018-09-13,80
Bastion,2018-09-13,80
Broken Age,2018-09-13,80
Cities: Skylines - Nintendo Switch Edition,2018-09-13,80
Danger Mouse: The Danger Games,2018-09-13,80
Defunct,2018-09-13,80
Doughlings: Arcade,2018-09-13,80
FINAL FANTASY XV POCKET EDITION HD,2018-09-13,80
Nefarious,2018-09-13,80
Old School Musical,2018-09-13,80
SENRAN KAGURA Reflexions,2018-09-13,80
Shadow Fight 2,2018-09-13,80
Spider Solitaire F,2018-09-13,80
Super Dungeon Tactics,2018-09-13,80
Surgeon Simulator CPR,2018-09-13,80
The Mahjong Huntress,2018-09-13,80
The Spectrum Retreat,2018-09-13,80
The Warlock of Firetop Mountain: Goblin Scourge Edition!,2018-09-13,80
Wasteland 2: Director's Cut,2018-09-13,80
Grandpa and the Zombies,2018-09-12,79
STAY,2018-09-12,79
Time Carnage,2018-09-12,79
NBA 2K19,2018-09-11,79
Dust: An Elysian Tail,2018-09-10,79
SNK HEROINES ~Tag Team Frenzy~,2018-09-07,79
FullBlast,2018-09-07,79
Mummy Pinball,2018-09-07,79
NBA 2K19 20th Anniversary Edition,2018-09-07,79
Sigi - A Fart for Melusina,2018-09-07,79
Super Inefficient Golf,2018-09-07,79
ACA NEOGEO NINJA COMMANDO,2018-09-06,79
Broforce,2018-09-06,79
Gone Home,2018-09-06,79
Hyper Light Drifter - Special Edition,2018-09-06,79
Kentucky Robo Chicken,2018-09-06,79
Lifeless Planet: Premiere Edition,2018-09-06,79
Monkey King: Master of the Clouds,2018-09-06,79
Shikhondo - Soul Eater,2018-09-06,79
"Slice, Dice & Rice",2018-09-06,79
GOD WARS The Complete Legend,2018-09-04,78
Moonfall Ultimate,2018-09-04,78
Ninjin: Clash of Carrots,2018-09-04,78
PLANET ALPHA,2018-09-04,78
Son of a Witch,2018-09-04,78
Claws of Furry,2018-09-03,78
Ludomania,2018-08-31,78
ACA NEOGEO FOOTBALL FRENZY,2018-08-30,78
Arcade Archives ARGUS,2018-08-30,78
Azure Reflections,2018-08-30,78
Chiki-Chiki Boxy Racers,2018-08-30,78
Fall of Light: Darkest Edition,2018-08-30,78
Freedom Planet,2018-08-30,78
Gakuen Club,2018-08-30,78
Gnomes Garden 3: The thief of castles,2018-08-30,78
Haunted Dungeons : Hyakki Castle,2018-08-30,78
Mini Metro,2018-08-30,78
Phantaruk,2018-08-30,78
Realpolitiks,2018-08-30,78
The Messenger,2018-08-30,78
The VideoKid,2018-08-30,78
Western 1849 Reloaded,2018-08-29,77
Blade Strangers,2018-08-28,77
de Blob 2,2018-08-28,77
Into the Breach,2018-08-28,77
Monster Hunter Generations Ultimate,2018-08-28,77
Victor Vran Overkill Edition,2018-08-28,77
Earthworms,2018-08-24,77
Little Dragons Cafe,2018-08-24,77
Night Trap - 25th Anniversary Edition,2018-08-24,77
Space Ribbon,2018-08-24,77
ACA NEOGEO CROSSED SWORDS,2018-08-23,77
Behind The Screen,2018-08-23,77
bloxiq,2018-08-23,77
Fernz Gate,2018-08-23,77
Flood of Light,2018-08-23,77
Hacky Zack,2018-08-23,77
Kero Blaster,2018-08-23,77
My Farm,2018-08-23,77
Shio,2018-08-23,77
Sky Gamblers: Storm Raiders,2018-08-23,77
The Low Road,2018-08-23,77
Toy Stunt Bike: Tiptop's Trials,2018-08-23,77
Out of The Box,2018-08-22,76
All-Star Fruit Racing,2018-08-21,76
Bad North,2018-08-20,76
Morphies Law,2018-08-20,76
Spectrum,2018-08-20,76
Detective Gallo,2018-08-17,76
Persian Nights: Sands of Wonders,2018-08-17,76
Polygod,2018-08-17,76
Treadnauts,2018-08-17,76
ACA NEOGEO REAL BOUT FATAL FURY 2,2018-08-16,76
CastleStorm,2018-08-16,76
EXTREME POKER,2018-08-16,76
Johnny Turbo's Arcade: Nitro Ball,2018-08-16,76
Keep Talking and Nobody Explodes,2018-08-16,76
Manual Samuel,2018-08-16,76
Next Up Hero,2018-08-16,76
Prison Architect: Nintendo Switch Edition,2018-08-16,76
Red's Kingdom,2018-08-16,76
Robbotto,2018-08-16,76
State of Mind,2018-08-15,75
Cosmic Star Heroine,2018-08-14,75
FunBox Party,2018-08-14,75
The Walking Dead: The Final Season - Season Pass,2018-08-13,75
Nightmares from the Deep 2: The Siren's Call,2018-08-10,75
TETRA's Escape,2018-08-10,75
Tiny Hands Adventure,2018-08-10,75
OKAMI HD,2018-08-09,75
ACA NEOGEO METAL SLUG 4,2018-08-09,75
Arcade Archives Kid's Horehore Daisakusen,2018-08-09,75
BlobCat,2018-08-09,75
FLIP OVER FROG,2018-08-09,75
Megaton Rainfall,2018-08-09,75
Minit,2018-08-09,75
Shut Eye,2018-08-09,75
SubaraCity,2018-08-09,75
The Amazing Shinsengumi: Heroes in Love,2018-08-09,75
Unexplored,2018-08-09,75
Dead Cells,2018-08-07,74
Overcooked! 2,2018-08-07,74
Flipping Death,2018-08-07,74
In Between,2018-08-07,74
Slam Land,2018-08-07,74
Super Blackjack Battle 2 Turbo Edition - The Card Warriors,2018-08-07,74
The Walking Dead: The Complete First Season,2018-08-07,74
Loot Monkey: Bling Palace,2018-08-06,74
The Inner World,2018-08-03,74
1979 Revolution: Black Friday,2018-08-02,74
ACA NEOGEO PREHISTORIC ISLE 2,2018-08-02,74
Ayakashi Koi Gikyoku -Forbidden Romance with Mysterious Spirit-,2018-08-02,74
Catch 'Em! Goldfish Scooping,2018-08-02,74
Crush Your Enemies!,2018-08-02,74
Cycle 28,2018-08-02,74
Eekeemoo - Splinters of the Dark Shard,2018-08-02,74
Flat Heroes,2018-08-02,74
GREEN,2018-08-02,74
"Guns, Gore and Cannoli 2",2018-08-02,74
Iconoclasts,2018-08-02,74
Johnny Turbo's Arcade: Shoot Out,2018-08-02,74
Kensh,2018-08-02,74
NOT A HERO: SUPER SNAZZY EDITION,2018-08-02,74
PICROSS S2,2018-08-02,74
Road to Ballhalla,2018-08-02,74
Salt and Sanctuary,2018-08-02,74
State of Anarchy: Master of Mayhem,2018-08-01,73
Code of Princess EX,2018-07-31,73
Titan Quest,2018-07-31,73
Pixel Action Heroes,2018-07-30,73
Element,2018-07-27,73
"Final Light, The Prison",2018-07-27,73
Go Vacation,2018-07-27,73
Hello Neighbor,2018-07-27,73
2064: Read Only Memories INTEGRAL,2018-07-26,73
ACA NEOGEO THE KING OF FIGHTERS '97,2018-07-26,73
Arcade Archives OMEGA FIGHTER,2018-07-26,73
Banner Saga 3,2018-07-26,73
Candle: The Power of the Flame,2018-07-26,73
Crossing Souls,2018-07-26,73
Dawn of the Breakers,2018-07-26,73
Piczle Lines DX 500 More Puzzles!,2018-07-26,73
Sleep Tight,2018-07-26,73
Bud Spencer & Terence Hill - Slaps And Beans,2018-07-24,72
Mega Man X Legacy Collection,2018-07-24,72
Mega Man X Legacy Collection 2,2018-07-24,72
Semblance,2018-07-24,72
Toby: The Secret Mine,2018-07-24,72
Life Goes On,2018-07-23,72
Zaccaria Pinball,2018-07-23,72
Arcade Archives Sky Skipper,2018-07-20,72
Heroki,2018-07-20,72
Spheroids,2018-07-20,72
VSR: Void Space Racing,2018-07-20,72
Werewolf Pinball,2018-07-20,72
ACA NEOGEO LEAGUE BOWLING,2018-07-19,72
Arcade Archives City CONNECTION,2018-07-19,72
Battle Supremacy,2018-07-19,72
Chicken Assassin: Reloaded,2018-07-19,72
Frost,2018-07-19,72
Ghost 1.0,2018-07-19,72
Guts & Glory,2018-07-19,72
Lost Phones Stories,2018-07-19,72
NoReload Heroes,2018-07-19,72
Pool Panic,2018-07-19,72
Pure / Electric Love 'Everyone else!' - Ema Sakura -,2018-07-19,72
Pure / Electric Love 'Look at my eyes!' - Moe Yamauchi -,2018-07-19,72
Sausage Sports Club,2018-07-19,72
STARSHIP AVENGER Operation: Take Back Earth,2018-07-19,72
Tanzia,2018-07-19,72
Animal Rivals: Nintendo Switch Edition,2018-07-18,71
The Inner World - The Last Wind Monk,2018-07-18,71
The Mooseman,2018-07-18,71
VERTICAL STRIKE ENDLESS CHALLENGE,2018-07-18,71
Adventure Time: Pirates of the Enchiridion,2018-07-17,71
Hand Of Fate 2,2018-07-17,71
Hungry Shark World,2018-07-17,71
Let's Sing 2018,2018-07-17,71
Mugsters,2018-07-17,71
Touhou Genso Wanderer Reloaded,2018-07-17,71
Beat Rush,2018-07-16,71
OCTOPATH TRAVELER,2018-07-13,71
Octopath Traveler Wayfarer's Edition,2018-07-13,71
Captain Toad: Treasure Tracker,2018-07-13,71
Darts Up,2018-07-13,71
Epic Loon,2018-07-13,71
Super Destronaut DX,2018-07-13,71
Voxel Shot for Nintendo Switch,2018-07-13,71
ACA NEOGEO THE SUPER SPY,2018-07-12,71
Bomb Chicken,2018-07-12,71
Fill-a-Pix: Phil's Epic Adventure,2018-07-12,71
GALAK-Z: Variant S,2018-07-12,71
Holy Potatoes! A Weapon Shop?!,2018-07-12,71
Johnny Turbo's Arcade: Express Raider,2018-07-12,71
RADIO HAMMER STATION,2018-07-12,71
Star Story: The Horizon Escape,2018-07-12,71
Super Volley Blast,2018-07-12,71
20XX,2018-07-10,70
Bomber Crew,2018-07-10,70
Hotel Transylvania 3 Monsters Overboard,2018-07-10,70
Hunting Simulator,2018-07-10,70
Muddledash,2018-07-10,70
Neverout,2018-07-10,70
Shining Resonance Refrain,2018-07-10,70
The Lion's Song,2018-07-10,70
Another World,2018-07-09,70
Pato Box,2018-07-09,70
Rento Fortune Monolit,2018-07-08,70
The Wardrobe,2018-07-06,70
ACA NEOGEO SAMURAI SHODOWN V,2018-07-05,70
ASSAULT GUNNERS HD EDITION,2018-07-05,70
Awkward,2018-07-05,70
Disease -Hidden Object-,2018-07-05,70
Johnny Turbo's Arcade: Two Crude Dudes,2018-07-05,70
Kill The Bad Guy,2018-07-05,70
Miles & Kilo,2018-07-05,70
Mushroom Wars 2,2018-07-05,70
Pocket Rumble,2018-07-05,70
Squids Odyssey,2018-07-05,70
Super Rock Blasters!,2018-07-05,70
The Journey Down: Chapter Three,2018-07-05,70
Ultra Space Battle Brawl,2018-07-05,70
Yuso,2018-07-05,70
NEKOPARA Vol.1,2018-07-04,69
Red Hot Ricochet,2018-07-03,69
Runbow,2018-07-03,69
Burnstar,2018-07-02,69
SpiritSphere DX,2018-07-02,69
Wolfenstein II: The New Colossus,2018-06-29,69
Anima: Gate of Memories,2018-06-29,69
Crash Bandicoot N. Sane Trilogy,2018-06-29,69
Waking Violet,2018-06-29,69
ACA NEOGEO Money Puzzle Exchanger,2018-06-28,69
Arcade Archives Renegade,2018-06-28,69
Dream Alone,2018-06-28,69
Figment,2018-06-28,69
Fossil Hunters,2018-06-28,69
Grave Danger,2018-06-28,69
INSIDE,2018-06-28,69
LIMBO,2018-06-28,69
MotoGP18,2018-06-28,69
No Heroes Here,2018-06-28,69
Paranautical Activity,2018-06-28,69
Photon Cube,2018-06-28,69
Survive! MR.CUBE,2018-06-28,69
The Journey Down: Chapter Two,2018-06-28,69
Angels of Death,2018-06-27,68
Air Mail,2018-06-26,68
Cubikolor,2018-06-26,68
de Blob,2018-06-26,68
LUMINES REMASTERED,2018-06-26,68
Ys VIII: Lacrimosa of DANA,2018-06-26,68
Mario Tennis Aces,2018-06-22,68
ACA NEOGEO THE LAST BLADE 2,2018-06-21,68
"Destiny's Princess: A War Story, A Love Story",2018-06-21,68
Drawful 2,2018-06-21,68
GUNBIRD2 for Nintendo Switch,2018-06-21,68
Johnny Turbo's Arcade: Wizard Fire,2018-06-21,68
Lost in Harmony,2018-06-21,68
Minecraft,2018-06-21,68
MUSYNX,2018-06-21,68
Pode,2018-06-21,68
The Journey Down: Chapter One,2018-06-21,68
Vegas Party,2018-06-21,68
Grab the Bottle,2018-06-20,67
Anima: Gate of Memories - The Nameless Chronicles,2018-06-19,67
Anima: Gate of Memories: Arcane Edition,2018-06-19,67
INK,2018-06-19,67
The Lost Child,2018-06-19,67
FLASHBACK,2018-06-17,67
LEGO The Incredibles,2018-06-15,67
1917 - The Alien Invasion DX,2018-06-14,67
ACA NEOGEO SUPER SIDEKICKS 3 : THE NEXT GLORY,2018-06-14,67
Arcade Archives DONKEY KONG,2018-06-14,67
Beekyr Reloaded,2018-06-14,67
Chameleon Run Deluxe Edition,2018-06-14,67
Lanota,2018-06-14,67
Mahjong Deluxe 3,2018-06-14,67
Moorhuhn Remake,2018-06-14,67
Pub Encounter,2018-06-14,67
R.B.I. Baseball 18,2018-06-14,67
Soccer Slammers,2018-06-14,67
WHIP! WHIP!,2018-06-14,67
Bloons TD 5,2018-06-13,66
Fortnite,2018-06-12,66
Hollow Knight,2018-06-12,66
Alchemic Jousts,2018-06-12,66
Hexologic,2018-06-12,66
Paladins,2018-06-12,66
Jolt Family Robot Racer,2018-06-11,66
Fallout Shelter,2018-06-10,66
Operation Hardcore,2018-06-08,66
Otto,2018-06-08,66
Parallel,2018-06-08,66
Sushi Striker: The Way of Sushido,2018-06-08,66
A Magical High School Girl,2018-06-07,66
ACA NEOGEO RIDING HERO,2018-06-07,66
Banner Saga 2,2018-06-07,66
D/Generation : The Original,2018-06-07,66
GRIDD: Retroenhanced,2018-06-07,66
Iro Hero,2018-06-07,66
KADOBAT WARS,2018-06-07,66
Samurai Defender: Ninja Warfare,2018-06-07,66
THE Number Puzzle,2018-06-07,66
Shape of the World,2018-06-06,65
BLAZBLUE CROSS TAG BATTLE,2018-06-05,65
Happy Birthdays,2018-06-05,65
Shaq-Fu: A Legend Reborn,2018-06-05,65
The Infectious Madness of Doctor Dekker,2018-06-05,65
ACA NEOGEO NINJA COMBAT,2018-05-31,65
Defoliation,2018-05-31,65
ICEY,2018-05-31,65
Johnny Turbo's Arcade Joe and Mac Caveman Ninja,2018-05-31,65
Just Shapes & Beats,2018-05-31,65
Lost Sea,2018-05-31,65
Milanoir,2018-05-31,65
Pirate Pop Plus,2018-05-31,65
Pure / Electric Love 'What do you want?' - Eri Kitami -,2018-05-31,65
Quad Fighter K,2018-05-31,65
Smoke And Sacrifice,2018-05-31,65
Songbringer,2018-05-31,65
West of Loathing,2018-05-31,65
World Soccer Pinball,2018-05-31,65
Yesterday Origins,2018-05-31,65
Them Bombs!,2018-05-30,64
Pokemon Quest,2018-05-29,64
Die for Valhalla!,2018-05-29,64
Fallen Legion: Rise to Glory,2018-05-29,64
Harvest Moon: Light of Hope Special Edition,2018-05-29,64
Ikaruga,2018-05-29,64
Knights of Pen and Paper +1 Deluxier Edition,2018-05-29,64
Legend of Kay Anniversary,2018-05-29,64
Shift Quantum,2018-05-29,64
Street Fighter 30th Anniversary Collection,2018-05-29,64
Yoku's Island Express,2018-05-29,64
ATOMINE,2018-05-25,64
Dungeon Rushers,2018-05-25,64
Enigmatis 2: The Mists of Ravenwood,2018-05-25,64
Jumping Joe & Friends,2018-05-25,64
Jurassic Pinball,2018-05-25,64
Mecha Storm,2018-05-25,64
PixelJunk Monsters 2,2018-05-25,64
6180 the moon,2018-05-24,64
ACA NEOGEO TOP PLAYER'S GOLF,2018-05-24,64
Arcade Archives Ikki,2018-05-24,64
Baobabs Mausoleum Ep.1: Ovnifagos Don't Eat Flamingos,2018-05-24,64
Bloodstained: Curse of the Moon,2018-05-24,64
Dead Fun Pack: Penguins and Aliens Strike Again,2018-05-24,64
Discovery,2018-05-24,64
Escape Game : Aloha,2018-05-24,64
N++ (NPLUSPLUS),2018-05-24,64
Punch Club,2018-05-24,64
Super Sportmatchen,2018-05-24,64
Zen Bound 2,2018-05-24,64
Disco Dodgeball - REMIX,2018-05-22,63
Mega Man Legacy Collection,2018-05-22,63
Mega Man Legacy Collection 2,2018-05-22,63
Runner3,2018-05-22,63
Legendary Eleven,2018-05-21,63
Trax - Build it Race it,2018-05-21,63
Hyrule Warriors: Definitive Edition,2018-05-18,63
Henry The Hamster Handler,2018-05-18,63
Little Nightmares: Complete Edition,2018-05-18,63
ACA NEOGEO BASEBALL STARS PROFESSIONAL,2018-05-17,63
Banner Saga 1,2018-05-17,63
Fairune Collection,2018-05-17,63
FRAMED Collection,2018-05-17,63
Ice Cream Surfer,2018-05-17,63
Invisiballs,2018-05-17,63
Johnny Turbo's Arcade: Super Burger Time,2018-05-17,63
White Night,2018-05-17,63
Yonder: The Cloud Catcher Chronicles,2018-05-17,63
Battle Chasers: Nightwar,2018-05-15,62
Calculation Castle : Greco's Ghostly Challenge 'Addition',2018-05-15,62
Calculation Castle : Greco's Ghostly Challenge 'Division',2018-05-15,62
Calculation Castle : Greco's Ghostly Challenge 'Multiplication',2018-05-15,62
Calculation Castle : Greco's Ghostly Challenge 'Subtraction',2018-05-15,62
FOX n FORESTS,2018-05-15,62
Never Stop,2018-05-15,62
The Adventures of Elena Temple,2018-05-15,62
Wizard of Legend,2018-05-15,62
The Mystery of the Hudson Case,2018-05-14,62
Hyper Sentinel,2018-05-11,62
The Pinball Arcade,2018-05-11,62
ACA NEOGEO SUPER SIDEKICKS 2,2018-05-10,62
Garage,2018-05-10,62
Immortal Redneck,2018-05-10,62
Kitten Squad,2018-05-10,62
ONE PIECE Pirate Warriors 3 Deluxe Edition,2018-05-10,62
SilverStarChess,2018-05-10,62
Suicide Guy,2018-05-10,62
Super Chariot,2018-05-10,62
The Fall,2018-05-10,62
Three Fourths Home: Extended Edition,2018-05-10,62
Death Road to Canada,2018-05-08,61
Raging Justice,2018-05-08,61
Shantae: Half-Genie Hero Ultimate Edition,2018-05-08,61
Donkey Kong Country: Tropical Freeze,2018-05-04,61
"Don't Die, Mr Robot!",2018-05-03,61
Japanese Mah-jongg,2018-05-03,61
Johnny Turbo's Arcade: Sly Spy,2018-05-03,61
L.F.O. -Lost Future Omega-,2018-05-03,61
Nihilumbra,2018-05-03,61
Perfect Angle,2018-05-03,61
Professional Construction - The Simulation,2018-05-03,61
Timberman VS,2018-05-03,61
ACA NEOGEO STAKES WINNER,2018-05-02,60
Arcade Archives 10-Yard Fight,2018-05-02,60
Animal Super Squad,2018-05-01,60
Arcade Archives TERRA CRESTA,2018-05-01,60
Super Saurio Fly,2018-04-28,60
12 orbits,2018-04-27,60
Aqua Moto Racing Utopia,2018-04-27,60
Bouncy Bob,2018-04-27,60
DragoDino,2018-04-27,60
Jotun: Valhalla Edition,2018-04-27,60
Save the Ninja Clan,2018-04-27,60
Snow Moto Racing Freedom,2018-04-27,60
A Robot Named Fight,2018-04-26,60
ACA NEOGEO GHOST PILOTS,2018-04-26,60
Agatha Knife,2018-04-26,60
Another Lost Phone: Laura's Story,2018-04-26,60
Glaive: Brick Breaker,2018-04-26,60
Goetia,2018-04-26,60
KORG Gadget for Nintendo Switch,2018-04-26,60
Late Shift,2018-04-26,60
Light Fall,2018-04-26,60
NARUTO SHIPPUDEN: Ultimate Ninja STORM 2,2018-04-26,60
NARUTO SHIPPUDEN: Ultimate Ninja STORM 3 Full Burst,2018-04-26,60
NARUTO SHIPPUDEN: Ultimate Ninja Storm Trilogy,2018-04-26,60
NARUTO: Ultimate Ninja STORM,2018-04-26,60
Saturday Morning RPG,2018-04-26,60
Sky Rogue,2018-04-26,60
SKYPEACE,2018-04-26,60
Sparkle ZERO,2018-04-26,60
Where Are My Friends?,2018-04-25,59
Firefighters - The Simulation,2018-04-24,59
Firefighters: Airport Fire Department,2018-04-24,59
Gal*Gun 2,2018-04-24,59
Hello Kitty Kruisers,2018-04-24,59
South Park: The Fractured But Whole,2018-04-24,59
The Way Remastered,2018-04-20,59
ACA NEOGEO REAL BOUT FATAL FURY SPECIAL,2018-04-19,59
BAFL - Brakes Are For Losers,2018-04-19,59
Manticore - Galaxy on Fire,2018-04-19,59
Neo ATLAS 1469,2018-04-19,59
Ninja Striker!,2018-04-19,59
Skee-Ball,2018-04-19,59
Cast of the Seven Godsends,2018-04-18,58
InkSplosion,2018-04-18,58
Party Trivia,2018-04-18,58
Splitter Critters,2018-04-18,58
It's Spring Again,2018-04-17,58
Wild Guns Reloaded,2018-04-17,58
Football Manager Touch 2018,2018-04-13,58
Pirates: All Aboard!,2018-04-13,58
#Breakforcist Battle,2018-04-12,58
ACA NEOGEO Gururin,2018-04-12,58
Asdivine Hearts,2018-04-12,58
Burly Men at Sea,2018-04-12,58
Don't Starve: Nintendo Switch Edition,2018-04-12,58
Drone Fight,2018-04-12,58
Eternal Edge,2018-04-12,58
Regalia: Of Men and Monarchs - Royal Edition,2018-04-12,58
Rogue Aces,2018-04-12,58
Shelter Generations,2018-04-12,58
Skies of Fury DX,2018-04-12,58
Streets of Red - Devil's Dare Deluxe,2018-04-12,58
Zotrix: Solar Division,2018-04-12,58
Bombslinger,2018-04-11,57
Deep Ones,2018-04-11,57
Masters of Anima,2018-04-10,57
Super Daryl Deluxe,2018-04-10,57
The Bunker,2018-04-09,57
Splat the Fruit,2018-04-06,57
ACA NEOGEO SAMURAI SHODOWN III,2018-04-05,57
Animated Jigsaws: Beautiful Japanese Scenery,2018-04-05,57
Arcade Archives Ninja-Kid,2018-04-05,57
Dragon Blaze for Nintendo Switch,2018-04-05,57
Infernium,2018-04-05,57
Johnny Turbo's Arcade: Bad Dudes,2018-04-05,57
Octocopter: Double or Squids,2018-04-05,57
Sally's Law,2018-04-05,57
Sling Ming,2018-04-05,57
Sumer,2018-04-05,57
Super Rocket Shootout,2018-04-05,57
Urban Trial Playground,2018-04-05,57
Metropolis: Lux Obscura,2018-04-04,56
Penny-Punching Princess,2018-04-03,56
The Adventure Pals,2018-04-03,56
Spartan,2018-04-01,56
Alteric,2018-03-30,56
Arcade Archives PUNCH-OUT!!,2018-03-30,56
Devious Dungeon,2018-03-30,56
Farm Expert 2018 for Nintendo Switch,2018-03-30,56
Shadow Bug,2018-03-30,56
Toki Tori,2018-03-30,56
ACA NEOGEO SENGOKU 3,2018-03-29,56
ClusterPuck 99,2018-03-29,56
Gotcha Racing 2nd,2018-03-29,56
Lode Runner Legacy,2018-03-29,56
TENGAI for Nintendo Switch,2018-03-29,56
The Adventures of Bertram Fiddle: Episode 1: A Dreadly Business,2018-03-29,56
The Charming Empire,2018-03-29,56
Word Search by POWGI,2018-03-29,56
Zombillie,2018-03-29,56
Atelier Lydie & Suelle ~The Alchemists and the Mysterious Paintings~,2018-03-27,55
D/Generation HD,2018-03-27,55
Outlast 2,2018-03-27,55
Warp Shift,2018-03-27,55
Castle of Heart,2018-03-23,55
ACA NEOGEO WORLD HEROES 2 JET,2018-03-22,55
Arcade Archives MOON PATROL,2018-03-22,55
EAT BEAT DEADSPIKE-san,2018-03-22,55
Gekido Kintaro's Revenge,2018-03-22,55
NO THING,2018-03-22,55
OPUS: Rocket of Whispers,2018-03-22,55
Slayaway Camp: Butcher's Cut,2018-03-22,55
SOL DIVIDE -SWORD OF DARKNESS- for Nintendo Switch,2018-03-22,55
Attack on Titan 2,2018-03-20,54
Shantae and the Pirate's Curse,2018-03-20,54
Swim Out,2018-03-20,54
Kirby Star Allies,2018-03-16,54
Splatoon 2 - Starter Edition,2018-03-16,54
Last Day of June,2018-03-16,54
Tesla vs Lovecraft,2018-03-16,54
ACA NEOGEO AERO FIGHTERS 3,2018-03-15,54
BINGO for Nintendo Switch,2018-03-15,54
Clustertruck,2018-03-15,54
Enchanting Mahjong Match,2018-03-15,54
Gem Smashers,2018-03-15,54
Neonwall,2018-03-15,54
Sparkle 3 Genesis,2018-03-15,54
The Long Reach,2018-03-15,54
WorldNeverland - Elnea Kingdom,2018-03-15,54
Coffin Dodgers,2018-03-13,53
Danmaku Unlimited 3,2018-03-13,53
Spiral Splatter,2018-03-13,53
Flinthook,2018-03-09,53
Kona,2018-03-09,53
One Eyed Kutkh,2018-03-09,53
Spy Chameleon,2018-03-09,53
TurtlePop: Journey to Freedom,2018-03-09,53
ACA NEOGEO REAL BOUT FATAL FURY,2018-03-08,53
Bit Dungeon Plus,2018-03-08,53
Bleed 2,2018-03-08,53
EARTHLOCK,2018-03-08,53
"I, Zombie",2018-03-08,53
Midnight Deluxe,2018-03-08,53
Steredenn: Binary Stars,2018-03-08,53
The Men of Yoshiwara: Ohgiya,2018-03-08,53
The Trail: Frontier Challenge,2018-03-08,53
World Conqueror X,2018-03-08,53
Fear Effect Sedna,2018-03-06,52
NORTH,2018-03-06,52
Scribblenauts: Showdown,2018-03-06,52
Grid Mania,2018-03-02,52
Super Toy Cars,2018-03-02,52
A Hole New World,2018-03-01,52
A Normal Lost Phone,2018-03-01,52
ACA NEOGEO SENGOKU 2,2018-03-01,52
Arcade Archives STAR FORCE,2018-03-01,52
Damascus Gear Operation Tokyo,2018-03-01,52
Detention,2018-03-01,52
GUILT BATTLE ARENA,2018-03-01,52
Little Triangle,2018-03-01,52
Mulaka,2018-03-01,52
Packet Queen #,2018-03-01,52
Paper Wars: Cannon Fodder Devastated,2018-03-01,52
Poisoft Thud Card,2018-03-01,52
Subsurface Circular,2018-03-01,52
Totes the Goat,2018-03-01,52
Air Hockey,2018-02-28,51
Bridge Constructor Portal,2018-02-28,51
Outlast: Bundle of Terror,2018-02-27,51
PAYDAY 2,2018-02-27,51
Spot The Difference,2018-02-26,51
The Final Station,2018-02-23,51
Toki Tori 2+: Nintendo Switch Edition,2018-02-23,51
Twin Robots: Ultimate Edition,2018-02-23,51
ACA NEOGEO MAGICAL DROP III,2018-02-22,51
Ace of Seafood,2018-02-22,51
Arcade Archives HEROIC EPISODE,2018-02-22,51
Dragon Sinker,2018-02-22,51
Hollow,2018-02-22,51
MEMBRANE,2018-02-22,51
PAC-MAN CHAMPIONSHIP EDITION 2 PLUS,2018-02-22,51
Radiation Island,2018-02-22,51
Spacecats with Lasers,2018-02-22,51
Superola and the Lost Burgers,2018-02-22,51
Typoman,2018-02-22,51
Layers of Fear: Legacy,2018-02-21,50
Old Man's Journey,2018-02-20,50
POOL,2018-02-20,50
Puzzle Puppers,2018-02-20,50
Bayonetta,2018-02-16,50
Bayonetta 2,2018-02-16,50
Bayonetta 2 - Digital Version,2018-02-16,50
Fe,2018-02-16,50
Joe Dever's Lone Wolf,2018-02-16,50
ACA NEOGEO FATAL FURY 3,2018-02-15,50
AQUA KITTY UDX,2018-02-15,50
ESCAPE TRICK: 35 Fateful Enigmas,2018-02-15,50
Johnny Turbo's Arcade: Gate Of Doom,2018-02-15,50
Millie,2018-02-15,50
Pool BILLIARD,2018-02-15,50
Samurai Aces for Nintendo Switch,2018-02-15,50
TorqueL -Physics Modified Edition-,2018-02-15,50
Wanderjahr TryAgainOrWalkAway,2018-02-15,50
Xeodrifter,2018-02-15,50
Monster Energy Supercross - The Official Videogame,2018-02-13,49
Owlboy,2018-02-13,49
The Fall Part 2: Unbound,2018-02-13,49
The Longest Five Minutes,2018-02-13,49
Dragon Quest Builders,2018-02-09,49
ACA NEOGEO 2020 SUPER BASEBALL,2018-02-08,49
Aegis Defenders,2018-02-08,49
Aperion Cyberstorm,2018-02-08,49
Arcade Archives CRAZY CLIMBER,2018-02-08,49
ATOMIK: RunGunJumpGun,2018-02-08,49
Disc Jam,2018-02-08,49
Mercenaries Saga Chronicles,2018-02-08,49
The Darkside Detective,2018-02-07,48
Black Hole,2018-02-06,48
Dandara,2018-02-06,48
Mercenary Kings Reloaded,2018-02-06,48
Premium Pool Arena,2018-02-06,48
Mad Carnage,2018-02-02,48
3D MiniGolf,2018-02-01,48
ACA NEOGEO SAMURAI SHODOWN II,2018-02-01,48
AeternoBlade,2018-02-01,48
Crypt of the NecroDancer: Nintendo Switch Edition,2018-02-01,48
Frederic 2: Evil Strikes Back,2018-02-01,48
Her Majesty's SPIFFING,2018-02-01,48
Island Flight Simulator,2018-02-01,48
Night in the Woods,2018-02-01,48
Shiftlings - Enhanced Edition,2018-02-01,48
Sky Force Reloaded,2018-02-01,48
SteamWorld Dig,2018-02-01,48
The Men of Yoshiwara: Kikuya,2018-02-01,48
10 Second Run RETURNS,2018-01-25,47
ACA NEOGEO WORLD HEROES 2,2018-01-25,47
Arcade Archives Kid Niki Radical Ninja,2018-01-25,47
CELESTE,2018-01-25,47
Dustoff Heli Rescue 2,2018-01-25,47
EARTH WARS,2018-01-25,47
FANTASY HERO ~unsigned legacy~,2018-01-25,47
Space Dave,2018-01-25,47
STRIKERS1945 II for Nintendo Switch,2018-01-25,47
Super One More Jump,2018-01-25,47
Tachyon Project,2018-01-25,47
Tennis,2018-01-25,47
ZERO GUNNER 2- for Nintendo Switch,2018-01-25,47
LOST SPHEAR,2018-01-23,46
Shu,2018-01-23,46
ChromaGun,2018-01-22,46
Baseball Riot,2018-01-19,46
Nuclien,2018-01-19,46
Vesta,2018-01-19,46
ACA NEOGEO POWER SPIKES II,2018-01-18,46
Ambition of the Slimes,2018-01-18,46
Arcade Archives DOUBLE DRAGON,2018-01-18,46
Darkest Dungeon,2018-01-18,46
Oh...Sir! The Hollywood Roast,2018-01-18,46
Oh...Sir! The Insult Simulator,2018-01-18,46
Qbik,2018-01-18,46
Tales of the Tiny Planet,2018-01-18,46
World to the West,2018-01-18,46
Energy Balance,2018-01-16,45
InnerSpace,2018-01-16,45
Nightmare Boy,2018-01-16,45
Gunhouse,2018-01-15,45
Azkend 2: The World Beneath,2018-01-12,45
BRAWL,2018-01-12,45
ACA NEOGEO ART OF FIGHTING 2,2018-01-11,45
Draw a Stickman: EPIC 2,2018-01-11,45
Energy Invasion,2018-01-11,45
Furi,2018-01-11,45
Moorhuhn Knights & Castles,2018-01-11,45
OF MICE AND SAND -REVISED-,2018-01-11,45
Rally Racers,2018-01-11,45
Super Meat Boy,2018-01-11,45
The Escapists 2,2018-01-11,45
ACA NEOGEO KING OF THE MONSTERS,2018-01-04,44
Grand Prix Rock 'N Racing,2018-01-04,44
NBA Playgrounds - Enhanced Edition,2018-01-04,44
Pic-a-Pix Deluxe,2018-01-04,44
Stikbold! A Dodgeball Adventure DELUXE,2018-01-04,44
ACA NEOGEO THE KING OF FIGHTERS '96,2017-12-28,43
SteamWorld Heist: Ultimate Edition,2017-12-28,43
Energy Cycle,2017-12-25,42
Sparkle Unleashed,2017-12-25,42
Bloody Zombies,2017-12-23,42
Arcade Archives VS. SUPER MARIO BROS.,2017-12-22,42
Heart&Slash,2017-12-22,42
Tactical Mind,2017-12-22,42
ACA NEOGEO PULSTAR,2017-12-21,42
Blossom Tales: The Sleeping King,2017-12-21,42
Frederic: Resurrection of Music,2017-12-21,42
FruitFall Crush,2017-12-21,42
"Guns, Gore and Cannoli",2017-12-21,42
Max: The Curse of Brotherhood,2017-12-21,42
Mom Hid My Game!,2017-12-21,42
Puzzle Box Maker,2017-12-21,42
The Coma: Recut,2017-12-21,42
The Deer God,2017-12-21,42
The Next Penelope,2017-12-21,42
TINY METAL,2017-12-21,42
Tiny Troopers Joint Ops XL,2017-12-21,42
Woodle Tree Adventures,2017-12-21,42
Brawlout,2017-12-19,41
Crawl,2017-12-19,41
DragonFangZ - The Rose & Dungeon of Time,2017-12-19,41
60 Seconds!,2017-12-18,41
Hiragana Pixel Party,2017-12-16,41
Romancing SaGa 2,2017-12-15,41
Unepic,2017-12-15,41
ACA NEOGEO THE LAST BLADE,2017-12-14,41
Black The Fall,2017-12-14,41
Bleed,2017-12-14,41
Enter the Gungeon,2017-12-14,41
Gorogoa,2017-12-14,41
Hammerwatch,2017-12-14,41
Mecho Tales,2017-12-14,41
Mutant Mudds Collection,2017-12-14,41
Never Stop Sneakin',2017-12-14,41
One More Dungeon,2017-12-14,41
Poly Bridge,2017-12-14,41
RXN -Raijin-,2017-12-14,41
Unholy Heights,2017-12-14,41
Yooka-Laylee,2017-12-14,41
Party Planet,2017-12-12,40
Pinball FX3,2017-12-12,40
Stern Pinball Arcade,2017-12-12,40
The End Is Nigh,2017-12-12,40
Tennis in the Face,2017-12-08,40
ACA NEOGEO TOP HUNTER RODDY & CATHY,2017-12-07,40
ACORN Tactics,2017-12-07,40
Dimension Drive,2017-12-07,40
Embers of Mirrim,2017-12-07,40
Floor Kids,2017-12-07,40
GUNBIRD for Nintendo Switch,2017-12-07,40
Human: Fall Flat,2017-12-07,40
Phantom Breaker: Battle Grounds Overdrive,2017-12-07,40
Plague Road,2017-12-07,40
Plantera Deluxe,2017-12-07,40
Red Game Without a Great Name,2017-12-07,40
Riptide GP: Renegade,2017-12-07,40
Slain: Back From Hell,2017-12-07,40
Teslagrad,2017-12-07,40
The Sexy Brutale,2017-12-07,40
TouchBattleTankSP,2017-12-07,40
Vostok Inc.,2017-12-07,40
Ydanji,2017-12-07,40
WWE 2K18,2017-12-06,39
Caveman Warriors,2017-12-05,39
Nine Parchments,2017-12-05,39
Xenoblade Chronicles 2,2017-12-01,39
Xenoblade Chronicles 2 Special Edition,2017-12-01,39
ACA NEOGEO WORLD HEROES,2017-11-30,39
Arcade Archives Traverse USA,2017-11-30,39
MUJO,2017-11-30,39
OPUS: The Day We Found Earth,2017-11-30,39
Portal Knights,2017-11-30,39
Serial Cleaner,2017-11-30,39
Star Ghost,2017-11-30,39
Syberia 2,2017-11-30,39
Resident Evil Revelations,2017-11-28,38
Resident Evil Revelations 2,2017-11-28,38
Resident Evil Revelations Collection,2017-11-27,38
Crimsonland,2017-11-24,38
The Legend of Zelda: Breath of the Wild Explorer's Edition,2017-11-23,38
Kid Tripp,2017-11-23,38
Letter Quest Remastered,2017-11-23,38
Mantis Burn Racing,2017-11-23,38
Stick It to The Man,2017-11-23,38
Transcripted,2017-11-23,38
Worms W.M.D,2017-11-23,38
ACA NEOGEO SOCCER BRAWL,2017-11-22,37
Dead Synchronicity: Tomorrow Comes Today,2017-11-21,37
Gear.Club Unlimited,2017-11-21,37
MXGP3 - The Official Motocross Videogame,2017-11-21,37
SUPERBEAT: XONiC,2017-11-21,37
Unbox: Newbie's Adventure,2017-11-21,37
Uurnog Uurnlimited,2017-11-21,37
Battle Chef Brigade,2017-11-20,37
Lumo,2017-11-20,37
Mario + Rabbids Kingdom Battle Gold Edition,2017-11-17,37
The Elder Scrolls V: Skyrim,2017-11-17,37
Aces of the Luftwaffe - Squadron,2017-11-17,37
Ginger: Beyond the Crystal,2017-11-17,37
Green Game: TimeSwapper,2017-11-17,37
RIVE: Ultimate Edition,2017-11-17,37
VVVVVV,2017-11-17,37
Xenoraid,2017-11-17,37
ACA NEOGEO KARNOV'S REVENGE,2017-11-16,37
Antiquia Lost,2017-11-16,37
Batman - The Telltale Series,2017-11-14,36
Ben 10,2017-11-14,36
Ittle Dew 2+,2017-11-14,36
L.A. Noire,2017-11-14,36
LEGO Marvel Super Heroes 2,2017-11-14,36
RiME,2017-11-14,36
Rocket League,2017-11-14,36
Rocket League: Collector's Edition,2017-11-14,36
"Snipperclips Plus - Cut it out, together!",2017-11-10,36
Cat Quest,2017-11-10,36
DOOM,2017-11-10,36
ACA NEOGEO STREET HOOP,2017-11-09,36
Hulu,2017-11-09,36
Koi DX,2017-11-09,36
Maria The Witch,2017-11-09,36
Octodad: Dadliest Catch,2017-11-09,36
Rock 'N Racing Off Road DX,2017-11-09,36
Spellspire,2017-11-09,36
Super Putty Squad,2017-11-09,36
Tallowmere,2017-11-09,36
Farming Simulator Nintendo Switch Edition,2017-11-07,35
Heroes of the Monkey Tavern,2017-11-07,35
Sonic Forces,2017-11-07,35
UNO for Nintendo Switch,2017-11-07,35
ACA NEOGEO ART OF FIGHTING 3,2017-11-02,35
Chess Ultra,2017-11-02,35
Morphite,2017-11-02,35
Sparkle 2 EVO,2017-11-02,35
Super Beat Sports,2017-11-02,35
Wheels of Aurelia,2017-11-02,35
Cartoon Network: Battle Crashers,2017-10-31,34
MONOPOLY for Nintendo Switch,2017-10-31,34
Monster Jam Crush It!,2017-10-31,34
Perception,2017-10-31,34
King Oddball,2017-10-30,34
Super Mario Odyssey,2017-10-27,34
ACA NEOGEO MUTATION NATION,2017-10-26,34
Moon Hunters,2017-10-26,34
Splasher,2017-10-26,34
Time Recoil,2017-10-26,34
Violett,2017-10-26,34
ZOMBIE GOLD RUSH,2017-10-26,34
Just Dance 2018,2017-10-24,33
Knight Terrors,2017-10-24,33
Nights of Azure 2: Bride of the New Moon,2017-10-24,33
Poi: Explorer Edition,2017-10-24,33
The Mummy Demastered,2017-10-24,33
This Is the Police,2017-10-24,33
Fire Emblem Warriors,2017-10-20,33
Fire Emblem Warriors Special Edition,2017-10-20,33
Syberia,2017-10-20,33
ACA NEOGEO ROBO ARMY,2017-10-19,33
Elliot Quest,2017-10-19,33
JYDGE,2017-10-19,33
Party Golf,2017-10-19,33
Revenant Saga,2017-10-19,33
Spelunker Party!,2017-10-19,33
Super Ping Pong Trick Shot,2017-10-19,33
The Count Lucanor,2017-10-19,33
The Jackbox Party Pack 4,2017-10-19,33
Putty Pals,2017-10-18,32
Don't Knock Twice,2017-10-17,32
Rogue Trooper Redux,2017-10-17,32
88 Heroes - 98 Heroes Edition,2017-10-12,32
ACA NEOGEO THE KING OF FIGHTERS '95,2017-10-12,32
Neon Chrome,2017-10-12,32
Squareboy vs Bullies: Arena Edition,2017-10-12,32
The Flame In The Flood: Complete Edition,2017-10-12,32
Wulverblade,2017-10-12,32
Yono and the Celestial Elephants,2017-10-12,32
Tiny Barbarian DX,2017-10-10,31
Touhou Kobuto V: Burst Battle,2017-10-10,31
OXENFREE,2017-10-06,31
ACA NEOGEO METAL SLUG X,2017-10-05,31
Axiom Verge,2017-10-05,31
Earth Atlantis,2017-10-05,31
Ninja Shodown,2017-10-05,31
Stardew Valley,2017-10-05,31
Tumblestone,2017-10-05,31
Volgarr the Viking,2017-10-05,31
Lovers in a Dangerous Spacetime,2017-10-03,30
FIFA 18,2017-09-29,30
ONE PIECE: Unlimited World Red Deluxe Edition,2017-09-29,30
ACA NEOGEO BURNING FIGHT,2017-09-28,30
Astro Bears Party,2017-09-28,30
Binaries,2017-09-28,30
Brave Dungeon + Dark Witch Story:COMBAT,2017-09-28,30
BUTCHER,2017-09-28,30
Conga Master Party!,2017-09-28,30
DEEMO,2017-09-28,30
Golf Story,2017-09-28,30
INVERSUS Deluxe,2017-09-28,30
Pankapu,2017-09-28,30
Physical Contact: Picture Place,2017-09-28,30
PICROSS S,2017-09-28,30
Sparkle 2,2017-09-28,30
Tower Of Babel,2017-09-28,30
Arcade Archives Mario Bros.,2017-09-27,29
Sine Mora EX,2017-09-26,29
Pokken Tournament DX,2017-09-22,29
DRAGON BALL Xenoverse 2 for Nintendo Switch,2017-09-22,29
LEGO NINJAGO Movie Video Game,2017-09-22,29
ACA NEOGEO ART OF FIGHTING,2017-09-21,29
SteamWorld Dig 2,2017-09-21,29
Thimbleweed Park,2017-09-21,29
"Soldam: Drop, Connect, Erase",2017-09-20,28
NBA 2K18,2017-09-15,28
NBA 2K18 Legend Edition,2017-09-15,28
NBA 2K18 Legend Edition Gold,2017-09-15,28
Robonauts,2017-09-15,28
36 Fragments of Midnight,2017-09-14,28
ACA NEOGEO SPIN MASTER,2017-09-14,28
Beach Buggy Racing,2017-09-14,28
Kingdom: New Lands,2017-09-14,28
PAN-PAN A tiny big adventure,2017-09-14,28
Quest of Dungeons,2017-09-14,28
Semispheres,2017-09-14,28
Rayman Legends Definitive Edition,2017-09-12,27
ACA NEOGEO BLUE'S JOURNEY,2017-09-07,27
Double Dragon 4,2017-09-07,27
Lichtspeer: Double Speer Edition,2017-09-07,27
NeuroVoider,2017-09-07,27
Physical Contact: 2048,2017-09-07,27
The Bridge,2017-09-07,27
LEGO Worlds,2017-09-05,26
R.B.I. Baseball 17,2017-09-05,26
ACA NEOGEO ZED BLADE,2017-08-31,26
Azure Striker GUNVOLT: STRIKER PACK,2017-08-31,26
League of Evil,2017-08-31,26
Mario + Rabbids Kingdom Battle,2017-08-29,25
ACA NEOGEO PUZZLED,2017-08-24,25
forma.8,2017-08-24,25
Piczle Lines DX,2017-08-24,25
Minecraft: Story Mode - The Complete Adventure,2017-08-22,24
ACA NEOGEO MAGICIAN LORD,2017-08-17,24
Sky Ride,2017-08-17,24
The Jackbox Party Pack,2017-08-17,24
The Jackbox Party Pack 2,2017-08-17,24
Sonic Mania,2017-08-15,23
Troll and I,2017-08-15,23
Flip Wars,2017-08-10,23
ACA NEOGEO THE KING OF FIGHTERS 2000,2017-08-10,23
IRONCAST,2017-08-10,23
Phantom Trigger,2017-08-10,23
Rocket Fist,2017-08-10,23
Severed,2017-08-08,22
ACA NEOGEO AERO FIGHTERS 2,2017-08-03,22
GUNBARICH for Nintendo Switch,2017-08-03,22
Puzzle Adventure Blockle,2017-08-03,22
Retro City Rampage DX,2017-08-03,22
Slime-san,2017-08-03,22
STRIKERS1945 for Nintendo Switch,2017-08-03,22
Use Your Words,2017-08-03,22
Infinite Minigolf,2017-07-28,21
NAMCO MUSEUM,2017-07-28,21
NAMCO MUSEUM (PAC-MAN VS. Free Multiplayer-only Ver.),2017-07-28,21
Ultra Hyperball,2017-07-28,21
ACA NEOGEO SUPER SIDEKICKS,2017-07-27,21
Overcooked Special Edition,2017-07-27,21
Physical Contact: SPEED,2017-07-27,21
Qbics Paint,2017-07-27,21
Fate/EXTELLA: The Umbral Star,2017-07-25,20
Splatoon 2,2017-07-21,20
ACA NEOGEO SAMURAI SHODOWN,2017-07-20,20
BOOST BEAST,2017-07-20,20
ACA NEOGEO FATAL FURY SPECIAL,2017-07-13,19
De Mambo,2017-07-13,19
Death Squared,2017-07-13,19
I and Me,2017-07-13,19
Levels+ : Addictive Puzzle Game,2017-07-13,19
ACA NEOGEO METAL SLUG 2,2017-07-06,18
Bulb Boy,2017-07-06,18
IMPLOSION,2017-07-06,18
Shephy,2017-07-06,18
Vaccine,2017-07-06,18
ACA NEOGEO MAGICAL DROP II,2017-06-29,17
GoNNER,2017-06-29,17
ACA NEOGEO FATAL FURY 2,2017-06-22,16
Oceanhorn - Monster of Uncharted Seas,2017-06-22,16
Cave Story+,2017-06-20,15
ARMS,2017-06-16,15
ACA NEOGEO SENGOKU,2017-06-15,15
MIGHTY GUNVOLT BURST,2017-06-15,15
Cars 3: Driven to Win,2017-06-13,14
ACA NEOGEO SHOCK TROOPERS 2nd Squad,2017-06-08,14
Shantae: Half-Genie Hero,2017-06-08,14
ACA NEOGEO LAST RESORT,2017-06-01,13
Astro Duel Deluxe,2017-05-30,12
Ultra Street Fighter II: The Final Challengers,2017-05-26,12
ACA NEOGEO THE KING OF FIGHTERS '99,2017-05-25,12
Disgaea 5 Complete,2017-05-23,11
ACA NEOGEO GALAXY FIGHT: UNIVERSAL WARRIORS,2017-05-18,11
Thumper,2017-05-18,11
Minecraft: Nintendo Switch Edition - Digital Version,2017-05-11,10
ACA NEOGEO GAROU: MARK OF THE WOLVES,2017-05-11,10
Dark Witch Music Episode: Rudymical,2017-05-11,10
ACA NEOGEO BLAZING STAR,2017-05-02,8
TumbleSeed,2017-05-02,8
Mario Kart 8 Deluxe,2017-04-28,8
ACA NEOGEO OVER TOP,2017-04-27,8
KAMIKO,2017-04-27,8
Puyo Puyo Tetris,2017-04-25,7
Puyo Puyo Tetris,2017-04-25,7
ACA NEOGEO FATAL FURY,2017-04-20,7
Wonder Boy: The Dragon's Trap,2017-04-18,6
ACA NEOGEO SAMURAI SHODOWN IV,2017-04-13,6
Mr. Shifty,2017-04-13,6
The Jackbox Party Pack 3,2017-04-13,6
ACA NEOGEO ALPHA MISSION II,2017-04-06,5
Graceful Explosion Machine,2017-04-06,5
Vroom in the Night Sky,2017-04-05,4
LEGO CITY Undercover,2017-04-04,4
ACA NEOGEO METAL SLUG,2017-03-30,4
Has Been Heroes,2017-03-28,3
Snake Pass,2017-03-28,3
ACA NEOGEO NEO TURF MASTERS,2017-03-23,3
New Frontier Days ~Founding Pioneers~,2017-03-23,3
Othello,2017-03-23,3
The Binding of Isaac: Afterbirth+,2017-03-17,2
ACA NEOGEO THE KING OF FIGHTERS '94,2017-03-16,2
Human Resource Machine,2017-03-16,2
Little Inferno,2017-03-16,2
World of Goo,2017-03-16,2
Blaster Master Zero,2017-03-09,1
ACA NEOGEO METAL SLUG 3,2017-03-09,1
ACA NEOGEO NAM-1975,2017-03-09,1
ACA NEOGEO SHOCK TROOPERS,2017-03-09,1
ACA NEOGEO THE KING OF FIGHTERS '98,2017-03-09,1
ACA NEOGEO WAKU WAKU 7,2017-03-09,1
ACA NEOGEO WORLD HEROES PERFECT,2017-03-09,1
VOEZ,2017-03-09,1
1-2-Switch,2017-03-03,0
Just Dance 2017,2017-03-03,0
Shovel Knight: Specter of Torment,2017-03-03,0
Shovel Knight: Treasure Trove,2017-03-03,0
"Snipperclips - Cut it out, together!",2017-03-03,0
Super Bomberman R,2017-03-03,0
The Legend of Zelda: Breath of the Wild,2017-03-03,0
The Legend of Zelda: Breath of the Wild - Master Edition,2017-03-03,0
The Legend of Zelda: Breath of the Wild - Special Edition,2017-03-03,0
Fast RMX,2017-03-03,0
I am Setsuna,2017-03-03,0
SKYLANDERS IMAGINATORS,2017-03-03,0
